Repository,Application,IT Owner,Key Expert,Hosted Environment,Accessibility,Business Service Name
1,my app,owner,"user1, user2",cloud,internet,gh support
10,,,,,,
2,,owner,"user1, user2",cloud,,gh support
3,my app,owner,"user1, user2",cloud,internet,gh support
4,,owner,"user1, user2",cloud,,gh support
5,,,,,,
6,,owner,"user1, user2",cloud,,gh support
7,my app,owner,"user1, user2",cloud,internet,gh support
8,,owner,"user1, user2",cloud,,gh support
9,my app,owner,"user1, user2",cloud,internet,gh support
meta-report,my app,owner,"a, b, c",cloud,,
metadata,,owner,user1,,internet,gh support
reports,,,,,,
